Workbook

Sheet Рейтинг
A1: Рейтинг скважин по риску коррозии
A2: Синий текст на жёлтом — ввод (из источников или вручную), чёрный на голубом — формулы. Пример заполнен синтетическими данными. Строки отсортированы по индексу.
A3: Скважина | F3: Среда и обработка | J3: Демонтаж и разбор | N3: Оценка | R3: Решение и график ППР
A4: Место | B4: № скважины | C4: Месторождение | D4: Спущенное оборудование | E4: Статус | F4: Отбор проб | G4: Среда | H4: Тоннаж, т | I4: НОО, сут | J4: Акт демонтажа | K4: Признак коррозии | L4: Акт разбора на базе | M4: Результат разбора | N4: Категория скважины | O4: Модель НТЦ (0–1) | P4: Мат. модель (0–1) | Q4: Индекс приоритета (0–100) | R4: Мероприятие | S4: ЭРА ремонта | T4: Документ Промайн | U4: Крайний срок | V4: План ППР (ДДО) | W4: Статус плана | X4: Комментарий
A5: =IF(Q5="","",RANK(Q5,$Q$5:$Q$28,0)) -> 1 | B5: 2215Б | C5: Озёрное | D5: УЭЦН-5-80, НКТ-73 | E5: Не в работе | F5: Да | G5: Коррозионная | H5: 3 | I5: 38 | J5: Есть | K5: Есть | L5: Есть | M5: Коррозия есть | N5: Коррозионная | O5: 0.93 | P5: 0.88 | Q5: =IF(COUNT(O5:P5)=0,"",ROUND(IF(Параметры!$C$5="Среднее",AVERAGE(O5:P5),MAX(O5:P5))*100,0)) -> 93 | R5: =IF(Q5="","",IF(Q5>=Параметры!$C$10,Параметры!$A$10,IF(Q5>Параметры!$D$12,Параметры!$A$11,IF(Q5>=Параметры!$C$12,Параметры!$A$12,Параметры!$A$13)))) -> Плановый комплекс мероприятий по ремонту | S5: =IF(Q5="","",IF(Q5>=Параметры!$C$10,"Включить","—")) -> Включить | T5: Сформирован | U5: =IF(Q5="","",IF(Q5>=Параметры!$C$10,Параметры!$C$4+Параметры!$E$10,IF(Q5>Параметры!$D$12,Параметры!$C$4+Параметры!$E$11,IF(Q5>=Параметры!$C$12,Параметры!$C$4+Параметры!$E$12,"")))) -> 46323 | V5: 46316 | W5: =IF(OR(Q5="",Q5<Параметры!$C$12),"—",IF(V5="","Не запланировано",IF(V5>U5,"Позже срока","В срок"))) -> В срок | X5: Язвенная коррозия НКТ по акту разбора
A6: =IF(Q6="","",RANK(Q6,$Q$5:$Q$28,0)) -> 2 | B6: 1131 | C6: Северное | D6: УЭЦН-5А-125, НКТ-73 | E6: В работе | F6: Да | G6: Коррозионная | H6: 2.5 | I6: 52 | J6: Есть | K6: Есть | L6: Нет | M6: — | N6: Коррозионная | O6: 0.85 | P6: 0.88 | Q6: =IF(COUNT(O6:P6)=0,"",ROUND(IF(Параметры!$C$5="Среднее",AVERAGE(O6:P6),MAX(O6:P6))*100,0)) -> 88 | R6: =IF(Q6="","",IF(Q6>=Параметры!$C$10,Параметры!$A$10,IF(Q6>Параметры!$D$12,Параметры!$A$11,IF(Q6>=Параметры!$C$12,Параметры!$A$12,Параметры!$A$13)))) -> Плановый комплекс мероприятий по ремонту | S6: =IF(Q6="","",IF(Q6>=Параметры!$C$10,"Включить","—")) -> Включить | T6: Не сформирован | U6: =IF(Q6="","",IF(Q6>=Параметры!$C$10,Параметры!$C$4+Параметры!$E$10,IF(Q6>Параметры!$D$12,Параметры!$C$4+Параметры!$E$11,IF(Q6>=Параметры!$C$12,Параметры!$C$4+Параметры!$E$12,"")))) -> 46323 | V6: 46318 | W6: =IF(OR(Q6="",Q6<Параметры!$C$12),"—",IF(V6="","Не запланировано",IF(V6>U6,"Позже срока","В срок"))) -> В срок
A7: =IF(Q7="","",RANK(Q7,$Q$5:$Q$28,0)) -> 3 | B7: 3307 | C7: Восточное | D7: УЭЦН-5-45, НКТ-60 | E7: В работе | F7: Да | G7: Коррозионная | H7: 2 | I7: 61 | J7: Нет | K7: — | L7: Нет | M7: — | N7: Коррозионная | O7: 0.85 | P7: 0.62 | Q7: =IF(COUNT(O7:P7)=0,"",ROUND(IF(Параметры!$C$5="Среднее",AVERAGE(O7:P7),MAX(O7:P7))*100,0)) -> 85 | R7: =IF(Q7="","",IF(Q7>=Параметры!$C$10,Параметры!$A$10,IF(Q7>Параметры!$D$12,Параметры!$A$11,IF(Q7>=Параметры!$C$12,Параметры!$A$12,Параметры!$A$13)))) -> Плановый комплекс мероприятий по ремонту | S7: =IF(Q7="","",IF(Q7>=Параметры!$C$10,"Включить","—")) -> Включить | T7: Не сформирован | U7: =IF(Q7="","",IF(Q7>=Параметры!$C$10,Параметры!$C$4+Параметры!$E$10,IF(Q7>Параметры!$D$12,Параметры!$C$4+Параметры!$E$11,IF(Q7>=Параметры!$C$12,Параметры!$C$4+Параметры!$E$12,"")))) -> 46323 | V7: 46323 | W7: =IF(OR(Q7="",Q7<Параметры!$C$12),"—",IF(V7="","Не запланировано",IF(V7>U7,"Позже срока","В срок"))) -> В срок | X7: Модели расходятся: проверить пробы
A8: =IF(Q8="","",RANK(Q8,$Q$5:$Q$28,0)) -> 4 | B8: 1046 | C8: Северное | D8: УШГН-57, НКТ-73 | E8: Не в работе | F8: Нет | G8: Коррозионная | H8: 1.5 | I8: 74 | J8: Есть | K8: Есть | L8: Есть | M8: Коррозия есть | N8: Коррозионная | O8: 0.79 | P8: 0.81 | Q8: =IF(COUNT(O8:P8)=0,"",ROUND(IF(Параметры!$C$5="Среднее",AVERAGE(O8:P8),MAX(O8:P8))*100,0)) -> 81 | R8: =IF(Q8="","",IF(Q8>=Параметры!$C$10,Параметры!$A$10,IF(Q8>Параметры!$D$12,Параметры!$A$11,IF(Q8>=Параметры!$C$12,Параметры!$A$12,Параметры!$A$13)))) -> Плановый комплекс мероприятий по ремонту | S8: =IF(Q8="","",IF(Q8>=Параметры!$C$10,"Включить","—")) -> Включить | T8: Направлен в ЭРА | U8: =IF(Q8="","",IF(Q8>=Параметры!$C$10,Параметры!$C$4+Параметры!$E$10,IF(Q8>Параметры!$D$12,Параметры!$C$4+Параметры!$E$11,IF(Q8>=Параметры!$C$12,Параметры!$C$4+Параметры!$E$12,"")))) -> 46323 | V8: 46331 | W8: =IF(OR(Q8="",Q8<Параметры!$C$12),"—",IF(V8="","Не запланировано",IF(V8>U8,"Позже срока","В срок"))) -> Позже срока | X8: Ждёт бригаду КРС
A9: =IF(Q9="","",RANK(Q9,$Q$5:$Q$28,0)) -> 5 | B9: 2241 | C9: Озёрное | D9: УЭЦН-5-80, НКТ-73 | E9: В работе | F9: Да | G9: Коррозионная | H9: 1.5 | I9: 88 | J9: Есть | K9: Нет | L9: Есть | M9: Коррозия есть | N9: Среднекоррозионная | O9: 0.76 | P9: 0.71 | Q9: =IF(COUNT(O9:P9)=0,"",ROUND(IF(Параметры!$C$5="Среднее",AVERAGE(O9:P9),MAX(O9:P9))*100,0)) -> 76 | R9: =IF(Q9="","",IF(Q9>=Параметры!$C$10,Параметры!$A$10,IF(Q9>Параметры!$D$12,Параметры!$A$11,IF(Q9>=Параметры!$C$12,Параметры!$A$12,Параметры!$A$13)))) -> Решение инженера | S9: =IF(Q9="","",IF(Q9>=Параметры!$C$10,"Включить","—")) -> — | T9: — | U9: =IF(Q9="","",IF(Q9>=Параметры!$C$10,Параметры!$C$4+Параметры!$E$10,IF(Q9>Параметры!$D$12,Параметры!$C$4+Параметры!$E$11,IF(Q9>=Параметры!$C$12,Параметры!$C$4+Параметры!$E$12,"")))) -> 46339 | V9: 46335 | W9: =IF(OR(Q9="",Q9<Параметры!$C$12),"—",IF(V9="","Не запланировано",IF(V9>U9,"Позже срока","В срок"))) -> В срок
A10: =IF(Q10="","",RANK(Q10,$Q$5:$Q$28,0)) -> 6 | B10: 3312 | C10: Восточное | D10: УЭЦН-5-60, НКТ-73 | E10: В работе | F10: Да | G10: Коррозионная | H10: 1 | I10: 95 | J10: Нет | K10: — | L10: Нет | M10: — | N10: Среднекоррозионная | O10: 0.66 | P10: 0.69 | Q10: =IF(COUNT(O10:P10)=0,"",ROUND(IF(Параметры!$C$5="Среднее",AVERAGE(O10:P10),MAX(O10:P10))*100,0)) -> 69 | R10: =IF(Q10="","",IF(Q10>=Параметры!$C$10,Параметры!$A$10,IF(Q10>Параметры!$D$12,Параметры!$A$11,IF(Q10>=Параметры!$C$12,Параметры!$A$12,Параметры!$A$13)))) -> Решение инженера | S10: =IF(Q10="","",IF(Q10>=Параметры!$C$10,"Включить","—")) -> — | T10: — | U10: =IF(Q10="","",IF(Q10>=Параметры!$C$10,Параметры!$C$4+Параметры!$E$10,IF(Q10>Параметры!$D$12,Параметры!$C$4+Параметры!$E$11,IF(Q10>=Параметры!$C$12,Параметры!$C$4+Параметры!$E$12,"")))) -> 46339 | V10: 46342 | W10: =IF(OR(Q10="",Q10<Параметры!$C$12),"—",IF(V10="","Не запланировано",IF(V10>U10,"Позже срока","В срок"))) -> Позже срока
A11: =IF(Q11="","",RANK(Q11,$Q$5:$Q$28,0)) -> 7 | B11: 1102 | C11: Северное | D11: УЭЦН-5-45, НКТ-60 | E11: В работе | F11: Нет | G11: Некоррозионная | H11: 0 | I11: 140 | J11: Есть | K11: Есть | L11: Нет | M11: — | N11: Среднекоррозионная | O11: 0.64 | P11: 0.52 | Q11: =IF(COUNT(O11:P11)=0,"",ROUND(IF(Параметры!$C$5="Среднее",AVERAGE(O11:P11),MAX(O11:P11))*100,0)) -> 64 | R11: =IF(Q11="","",IF(Q11>=Параметры!$C$10,Параметры!$A$10,IF(Q11>Параметры!$D$12,Параметры!$A$11,IF(Q11>=Параметры!$C$12,Параметры!$A$12,Параметры!$A$13)))) -> Решение инженера | S11: =IF(Q11="","",IF(Q11>=Параметры!$C$10,"Включить","—")) -> — | T11: — | U11: =IF(Q11="","",IF(Q11>=Параметры!$C$10,Параметры!$C$4+Параметры!$E$10,IF(Q11>Параметры!$D$12,Параметры!$C$4+Параметры!$E$11,IF(Q11>=Параметры!$C$12,Параметры!$C$4+Параметры!$E$12,"")))) -> 46339 | V11: 46338 | W11: =IF(OR(Q11="",Q11<Параметры!$C$12),"—",IF(V11="","Не запланировано",IF(V11>U11,"Позже срока","В срок"))) -> В срок | X11: Нет свежих проб
A12: =IF(Q12="","",RANK(Q12,$Q$5:$Q$28,0)) -> 8 | B12: 2208 | C12: Озёрное | D12: УШГН-44, НКТ-60 | E12: В работе | F12: Да | G12: Коррозионная | H12: 1 | I12: 102 | J12: Нет | K12: — | L12: Нет | M12: — | N12: Среднекоррозионная | O12: 0.58 | P12: 0.55 | Q12: =IF(COUNT(O12:P12)=0,"",ROUND(IF(Параметры!$C$5="Среднее",AVERAGE(O12:P12),MAX(O12:P12))*100,0)) -> 58 | R12: =IF(Q12="","",IF(Q12>=Параметры!$C$10,Параметры!$A$10,IF(Q12>Параметры!$D$12,Параметры!$A$11,IF(Q12>=Параметры!$C$12,Параметры!$A$12,Параметры!$A$13)))) -> Ударная дозировка (УД) | S12: =IF(Q12="","",IF(Q12>=Параметры!$C$10,"Включить","—")) -> — | T12: — | U12: =IF(Q12="","",IF(Q12>=Параметры!$C$10,Параметры!$C$4+Параметры!$E$10,IF(Q12>Параметры!$D$12,Параметры!$C$4+Параметры!$E$11,IF(Q12>=Параметры!$C$12,Параметры!$C$4+Параметры!$E$12,"")))) -> 46354 | V12: 46328 | W12: =IF(OR(Q12="",Q12<Параметры!$C$12),"—",IF(V12="","Не запланировано",IF(V12>U12,"Позже срока","В срок"))) -> В срок
A13: =IF(Q13="","",RANK(Q13,$Q$5:$Q$28,0)) -> 9 | B13: 3320 | C13: Восточное | D13: УЭЦН-5-80, НКТ-73 | E13: В работе | F13: Да | G13: Коррозионная | H13: 1 | I13: 115 | J13: Есть | K13: Нет | L13: Есть | M13: Коррозии нет | N13: Среднекоррозионная | O13: 0.49 | P13: 0.55 | Q13: =IF(COUNT(O13:P13)=0,"",ROUND(IF(Параметры!$C$5="Среднее",AVERAGE(O13:P13),MAX(O13:P13))*100,0)) -> 55 | R13: =IF(Q13="","",IF(Q13>=Параметры!$C$10,Параметры!$A$10,IF(Q13>Параметры!$D$12,Параметры!$A$11,IF(Q13>=Параметры!$C$12,Параметры!$A$12,Параметры!$A$13)))) -> Ударная дозировка (УД) | S13: =IF(Q13="","",IF(Q13>=Параметры!$C$10,"Включить","—")) -> — | T13: — | U13: =IF(Q13="","",IF(Q13>=Параметры!$C$10,Параметры!$C$4+Параметры!$E$10,IF(Q13>Параметры!$D$12,Параметры!$C$4+Параметры!$E$11,IF(Q13>=Параметры!$C$12,Параметры!$C$4+Параметры!$E$12,"")))) -> 46354 | V13: 46337 | W13: =IF(OR(Q13="",Q13<Параметры!$C$12),"—",IF(V13="","Не запланировано",IF(V13>U13,"Позже срока","В срок"))) -> В срок
A14: =IF(Q14="","",RANK(Q14,$Q$5:$Q$28,0)) -> 10 | B14: 1158 | C14: Северное | D14: УЭЦН-5А-125, НКТ-73 | E14: В работе | F14: Да | G14: Некоррозионная | H14: 0.5 | I14: 130 | J14: Нет | K14: — | L14: Нет | M14: — | N14: Среднекоррозионная | O14: 0.51 | P14: 0.47 | Q14: =IF(COUNT(O14:P14)=0,"",ROUND(IF(Параметры!$C$5="Среднее",AVERAGE(O14:P14),MAX(O14:P14))*100,0)) -> 51 | R14: =IF(Q14="","",IF(Q14>=Параметры!$C$10,Параметры!$A$10,IF(Q14>Параметры!$D$12,Параметры!$A$11,IF(Q14>=Параметры!$C$12,Параметры!$A$12,Параметры!$A$13)))) -> Ударная дозировка (УД) | S14: =IF(Q14="","",IF(Q14>=Параметры!$C$10,"Включить","—")) -> — | T14: — | U14: =IF(Q14="","",IF(Q14>=Параметры!$C$10,Параметры!$C$4+Параметры!$E$10,IF(Q14>Параметры!$D$12,Параметры!$C$4+Параметры!$E$11,IF(Q14>=Параметры!$C$12,Параметры!$C$4+Параметры!$E$12,"")))) -> 46354 | V14: 46344 | W14: =IF(OR(Q14="",Q14<Параметры!$C$12),"—",IF(V14="","Не запланировано",IF(V14>U14,"Позже срока","В срок"))) -> В срок
A15: =IF(Q15="","",RANK(Q15,$Q$5:$Q$28,0)) -> 11 | B15: 2219 | C15: Озёрное | D15: УЭЦН-5-60, НКТ-73 | E15: В работе | F15: Нет | G15: Коррозионная | H15: 0.5 | I15: 160 | J15: Нет | K15: — | L15: Нет | M15: — | N15: Среднекоррозионная | O15: 0.47 | P15: 0.4 | Q15: =IF(COUNT(O15:P15)=0,"",ROUND(IF(Параметры!$C$5="Среднее",AVERAGE(O15:P15),MAX(O15:P15))*100,0)) -> 47 | R15: =IF(Q15="","",IF(Q15>=Параметры!$C$10,Параметры!$A$10,IF(Q15>Параметры!$D$12,Параметры!$A$11,IF(Q15>=Параметры!$C$12,Параметры!$A$12,Параметры!$A$13)))) -> Ударная дозировка (УД) | S15: =IF(Q15="","",IF(Q15>=Параметры!$C$10,"Включить","—")) -> — | T15: — | U15: =IF(Q15="","",IF(Q15>=Параметры!$C$10,Параметры!$C$4+Параметры!$E$10,IF(Q15>Параметры!$D$12,Параметры!$C$4+Параметры!$E$11,IF(Q15>=Параметры!$C$12,Параметры!$C$4+Параметры!$E$12,"")))) -> 46354 | V15: 46351 | W15: =IF(OR(Q15="",Q15<Параметры!$C$12),"—",IF(V15="","Не запланировано",IF(V15>U15,"Позже срока","В срок"))) -> В срок
A16: =IF(Q16="","",RANK(Q16,$Q$5:$Q$28,0)) -> 12 | B16: 3301 | C16: Восточное | D16: УШГН-57, НКТ-73 | E16: В работе | F16: Да | G16: Некоррозионная | H16: 0 | I16: 190 | J16: Есть | K16: Нет | L16: Есть | M16: Коррозии нет | N16: Некоррозионная | O16: 0.38 | P16: 0.44 | Q16: =IF(COUNT(O16:P16)=0,"",ROUND(IF(Параметры!$C$5="Среднее",AVERAGE(O16:P16),MAX(O16:P16))*100,0)) -> 44 | R16: =IF(Q16="","",IF(Q16>=Параметры!$C$10,Параметры!$A$10,IF(Q16>Параметры!$D$12,Параметры!$A$11,IF(Q16>=Параметры!$C$12,Параметры!$A$12,Параметры!$A$13)))) -> Ударная дозировка (УД) | S16: =IF(Q16="","",IF(Q16>=Параметры!$C$10,"Включить","—")) -> — | T16: — | U16: =IF(Q16="","",IF(Q16>=Параметры!$C$10,Параметры!$C$4+Параметры!$E$10,IF(Q16>Параметры!$D$12,Параметры!$C$4+Параметры!$E$11,IF(Q16>=Параметры!$C$12,Параметры!$C$4+Параметры!$E$12,"")))) -> 46354 | W16: =IF(OR(Q16="",Q16<Параметры!$C$12),"—",IF(V16="","Не запланировано",IF(V16>U16,"Позже срока","В срок"))) -> Не запланировано
A17: =IF(Q17="","",RANK(Q17,$Q$5:$Q$28,0)) -> 13 | B17: 1077 | C17: Северное | D17: УЭЦН-5-45, НКТ-60 | E17: В работе | F17: Да | G17: Некоррозионная | H17: 0 | I17: 210 | J17: Нет | K17: — | L17: Нет | M17: — | N17: Некоррозионная | O17: 0.41 | P17: 0.36 | Q17: =IF(COUNT(O17:P17)=0,"",ROUND(IF(Параметры!$C$5="Среднее",AVERAGE(O17:P17),MAX(O17:P17))*100,0)) -> 41 | R17: =IF(Q17="","",IF(Q17>=Параметры!$C$10,Параметры!$A$10,IF(Q17>Параметры!$D$12,Параметры!$A$11,IF(Q17>=Параметры!$C$12,Параметры!$A$12,Параметры!$A$13)))) -> Ударная дозировка (УД) | S17: =IF(Q17="","",IF(Q17>=Параметры!$C$10,"Включить","—")) -> — | T17: — | U17: =IF(Q17="","",IF(Q17>=Параметры!$C$10,Параметры!$C$4+Параметры!$E$10,IF(Q17>Параметры!$D$12,Параметры!$C$4+Параметры!$E$11,IF(Q17>=Параметры!$C$12,Параметры!$C$4+Параметры!$E$12,"")))) -> 46354 | V17: 46352 | W17: =IF(OR(Q17="",Q17<Параметры!$C$12),"—",IF(V17="","Не запланировано",IF(V17>U17,"Позже срока","В срок"))) -> В срок
A18: =IF(Q18="","",RANK(Q18,$Q$5:$Q$28,0)) -> 14 | B18: 2230 | C18: Озёрное | D18: УЭЦН-5-80, НКТ-73 | E18: В работе | F18: Да | G18: Некоррозионная | H18: 0 | I18: 240 | J18: Нет | K18: — | L18: Нет | M18: — | N18: Некоррозионная | O18: 0.37 | P18: 0.33 | Q18: =IF(COUNT(O18:P18)=0,"",ROUND(IF(Параметры!$C$5="Среднее",AVERAGE(O18:P18),MAX(O18:P18))*100,0)) -> 37 | R18: =IF(Q18="","",IF(Q18>=Параметры!$C$10,Параметры!$A$10,IF(Q18>Параметры!$D$12,Параметры!$A$11,IF(Q18>=Параметры!$C$12,Параметры!$A$12,Параметры!$A$13)))) -> Мероприятия не требуются | S18: =IF(Q18="","",IF(Q18>=Параметры!$C$10,"Включить","—")) -> — | T18: — | U18: =IF(Q18="","",IF(Q18>=Параметры!$C$10,Параметры!$C$4+Параметры!$E$10,IF(Q18>Параметры!$D$12,Параметры!$C$4+Параметры!$E$11,IF(Q18>=Параметры!$C$12,Параметры!$C$4+Параметры!$E$12,"")))) | W18: =IF(OR(Q18="",Q18<Параметры!$C$12),"—",IF(V18="","Не запланировано",IF(V18>U18,"Позже срока","В срок"))) -> —
A19: =IF(Q19="","",RANK(Q19,$Q$5:$Q$28,0)) -> 15 | B19: 3315 | C19: Восточное | D19: УЭЦН-5-60, НКТ-73 | E19: В работе | F19: Да | G19: Некоррозионная | H19: 0 | I19: 255 | J19: Нет | K19: — | L19: Нет | M19: — | N19: Некоррозионная | O19: 0.31 | P19: 0.35 | Q19: =IF(COUNT(O19:P19)=0,"",ROUND(IF(Параметры!$C$5="Среднее",AVERAGE(O19:P19),MAX(O19:P19))*100,0)) -> 35 | R19: =IF(Q19="","",IF(Q19>=Параметры!$C$10,Параметры!$A$10,IF(Q19>Параметры!$D$12,Параметры!$A$11,IF(Q19>=Параметры!$C$12,Параметры!$A$12,Параметры!$A$13)))) -> Мероприятия не требуются | S19: =IF(Q19="","",IF(Q19>=Параметры!$C$10,"Включить","—")) -> — | T19: — | U19: =IF(Q19="","",IF(Q19>=Параметры!$C$10,Параметры!$C$4+Параметры!$E$10,IF(Q19>Параметры!$D$12,Параметры!$C$4+Параметры!$E$11,IF(Q19>=Параметры!$C$12,Параметры!$C$4+Параметры!$E$12,"")))) | W19: =IF(OR(Q19="",Q19<Параметры!$C$12),"—",IF(V19="","Не запланировано",IF(V19>U19,"Позже срока","В срок"))) -> —
A20: =IF(Q20="","",RANK(Q20,$Q$5:$Q$28,0)) -> 16 | B20: 1119 | C20: Северное | D20: УШГН-44, НКТ-60 | E20: В работе | F20: Нет | G20: Некоррозионная | H20: 0 | I20: 270 | J20: Нет | K20: — | L20: Нет | M20: — | N20: Некоррозионная | O20: 0.33 | P20: 0.29 | Q20: =IF(COUNT(O20:P20)=0,"",ROUND(IF(Параметры!$C$5="Среднее",AVERAGE(O20:P20),MAX(O20:P20))*100,0)) -> 33 | R20: =IF(Q20="","",IF(Q20>=Параметры!$C$10,Параметры!$A$10,IF(Q20>Параметры!$D$12,Параметры!$A$11,IF(Q20>=Параметры!$C$12,Параметры!$A$12,Параметры!$A$13)))) -> Мероприятия не требуются | S20: =IF(Q20="","",IF(Q20>=Параметры!$C$10,"Включить","—")) -> — | T20: — | U20: =IF(Q20="","",IF(Q20>=Параметры!$C$10,Параметры!$C$4+Параметры!$E$10,IF(Q20>Параметры!$D$12,Параметры!$C$4+Параметры!$E$11,IF(Q20>=Параметры!$C$12,Параметры!$C$4+Параметры!$E$12,"")))) | W20: =IF(OR(Q20="",Q20<Параметры!$C$12),"—",IF(V20="","Не запланировано",IF(V20>U20,"Позже срока","В срок"))) -> —
A21: =IF(Q21="","",RANK(Q21,$Q$5:$Q$28,0)) -> 17 | B21: 2244 | C21: Озёрное | D21: УЭЦН-5-45, НКТ-60 | E21: Не в работе | F21: Нет | G21: Некоррозионная | H21: 0 | I21: 300 | J21: Есть | K21: Нет | L21: Есть | M21: Коррозии нет | N21: Некоррозионная | O21: 0.28 | P21: 0.3 | Q21: =IF(COUNT(O21:P21)=0,"",ROUND(IF(Параметры!$C$5="Среднее",AVERAGE(O21:P21),MAX(O21:P21))*100,0)) -> 30 | R21: =IF(Q21="","",IF(Q21>=Параметры!$C$10,Параметры!$A$10,IF(Q21>Параметры!$D$12,Параметры!$A$11,IF(Q21>=Параметры!$C$12,Параметры!$A$12,Параметры!$A$13)))) -> Мероприятия не требуются | S21: =IF(Q21="","",IF(Q21>=Параметры!$C$10,"Включить","—")) -> — | T21: — | U21: =IF(Q21="","",IF(Q21>=Параметры!$C$10,Параметры!$C$4+Параметры!$E$10,IF(Q21>Параметры!$D$12,Параметры!$C$4+Параметры!$E$11,IF(Q21>=Параметры!$C$12,Параметры!$C$4+Параметры!$E$12,"")))) | W21: =IF(OR(Q21="",Q21<Параметры!$C$12),"—",IF(V21="","Не запланировано",IF(V21>U21,"Позже срока","В срок"))) -> — | X21: Остановлена по геологии
A22: =IF(Q22="","",RANK(Q22,$Q$5:$Q$28,0)) -> 18 | B22: 3326 | C22: Восточное | D22: УЭЦН-5А-125, НКТ-73 | E22: В работе | F22: Да | G22: Некоррозионная | H22: 0 | I22: 310 | J22: Нет | K22: — | L22: Нет | M22: — | N22: Некоррозионная | O22: 0.26 | P22: 0.22 | Q22: =IF(COUNT(O22:P22)=0,"",ROUND(IF(Параметры!$C$5="Среднее",AVERAGE(O22:P22),MAX(O22:P22))*100,0)) -> 26 | R22: =IF(Q22="","",IF(Q22>=Параметры!$C$10,Параметры!$A$10,IF(Q22>Параметры!$D$12,Параметры!$A$11,IF(Q22>=Параметры!$C$12,Параметры!$A$12,Параметры!$A$13)))) -> Мероприятия не требуются | S22: =IF(Q22="","",IF(Q22>=Параметры!$C$10,"Включить","—")) -> — | T22: — | U22: =IF(Q22="","",IF(Q22>=Параметры!$C$10,Параметры!$C$4+Параметры!$E$10,IF(Q22>Параметры!$D$12,Параметры!$C$4+Параметры!$E$11,IF(Q22>=Параметры!$C$12,Параметры!$C$4+Параметры!$E$12,"")))) | W22: =IF(OR(Q22="",Q22<Параметры!$C$12),"—",IF(V22="","Не запланировано",IF(V22>U22,"Позже срока","В срок"))) -> —
A23: =IF(Q23="","",RANK(Q23,$Q$5:$Q$28,0)) -> 19 | B23: 1085 | C23: Северное | D23: УЭЦН-5-80, НКТ-73 | E23: В работе | F23: Да | G23: Некоррозионная | H23: 0 | I23: 330 | J23: Нет | K23: — | L23: Нет | M23: — | N23: Некоррозионная | O23: 0.21 | P23: 0.24 | Q23: =IF(COUNT(O23:P23)=0,"",ROUND(IF(Параметры!$C$5="Среднее",AVERAGE(O23:P23),MAX(O23:P23))*100,0)) -> 24 | R23: =IF(Q23="","",IF(Q23>=Параметры!$C$10,Параметры!$A$10,IF(Q23>Параметры!$D$12,Параметры!$A$11,IF(Q23>=Параметры!$C$12,Параметры!$A$12,Параметры!$A$13)))) -> Мероприятия не требуются | S23: =IF(Q23="","",IF(Q23>=Параметры!$C$10,"Включить","—")) -> — | T23: — | U23: =IF(Q23="","",IF(Q23>=Параметры!$C$10,Параметры!$C$4+Параметры!$E$10,IF(Q23>Параметры!$D$12,Параметры!$C$4+Параметры!$E$11,IF(Q23>=Параметры!$C$12,Параметры!$C$4+Параметры!$E$12,"")))) | W23: =IF(OR(Q23="",Q23<Параметры!$C$12),"—",IF(V23="","Не запланировано",IF(V23>U23,"Позже срока","В срок"))) -> —
A24: =IF(Q24="","",RANK(Q24,$Q$5:$Q$28,0)) -> 20 | B24: 2202 | C24: Озёрное | D24: УШГН-57, НКТ-73 | E24: В работе | F24: Да | G24: Некоррозионная | H24: 0 | I24: 350 | J24: Нет | K24: — | L24: Нет | M24: — | N24: Некоррозионная | O24: 0.19 | P24: 0.17 | Q24: =IF(COUNT(O24:P24)=0,"",ROUND(IF(Параметры!$C$5="Среднее",AVERAGE(O24:P24),MAX(O24:P24))*100,0)) -> 19 | R24: =IF(Q24="","",IF(Q24>=Параметры!$C$10,Параметры!$A$10,IF(Q24>Параметры!$D$12,Параметры!$A$11,IF(Q24>=Параметры!$C$12,Параметры!$A$12,Параметры!$A$13)))) -> Мероприятия не требуются | S24: =IF(Q24="","",IF(Q24>=Параметры!$C$10,"Включить","—")) -> — | T24: — | U24: =IF(Q24="","",IF(Q24>=Параметры!$C$10,Параметры!$C$4+Параметры!$E$10,IF(Q24>Параметры!$D$12,Параметры!$C$4+Параметры!$E$11,IF(Q24>=Параметры!$C$12,Параметры!$C$4+Параметры!$E$12,"")))) | W24: =IF(OR(Q24="",Q24<Параметры!$C$12),"—",IF(V24="","Не запланировано",IF(V24>U24,"Позже срока","В срок"))) -> —
A25: =IF(Q25="","",RANK(Q25,$Q$5:$Q$28,0)) -> 21 | B25: 3309 | C25: Восточное | D25: УЭЦН-5-45, НКТ-60 | E25: В работе | F25: Нет | G25: Некоррозионная | H25: 0 | I25: 365 | J25: Нет | K25: — | L25: Нет | M25: — | N25: Некоррозионная | O25: 0.15 | P25: 0.18 | Q25: =IF(COUNT(O25:P25)=0,"",ROUND(IF(Параметры!$C$5="Среднее",AVERAGE(O25:P25),MAX(O25:P25))*100,0)) -> 18 | R25: =IF(Q25="","",IF(Q25>=Параметры!$C$10,Параметры!$A$10,IF(Q25>Параметры!$D$12,Параметры!$A$11,IF(Q25>=Параметры!$C$12,Параметры!$A$12,Параметры!$A$13)))) -> Мероприятия не требуются | S25: =IF(Q25="","",IF(Q25>=Параметры!$C$10,"Включить","—")) -> — | T25: — | U25: =IF(Q25="","",IF(Q25>=Параметры!$C$10,Параметры!$C$4+Параметры!$E$10,IF(Q25>Параметры!$D$12,Параметры!$C$4+Параметры!$E$11,IF(Q25>=Параметры!$C$12,Параметры!$C$4+Параметры!$E$12,"")))) | W25: =IF(OR(Q25="",Q25<Параметры!$C$12),"—",IF(V25="","Не запланировано",IF(V25>U25,"Позже срока","В срок"))) -> —
A26: =IF(Q26="","",RANK(Q26,$Q$5:$Q$28,0)) -> 22 | B26: 1140 | C26: Северное | D26: УЭЦН-5-60, НКТ-73 | E26: В работе | F26: Да | G26: Некоррозионная | H26: 0 | I26: 380 | J26: Нет | K26: — | L26: Нет | M26: — | N26: Некоррозионная | O26: 0.12 | P26: 0.14 | Q26: =IF(COUNT(O26:P26)=0,"",ROUND(IF(Параметры!$C$5="Среднее",AVERAGE(O26:P26),MAX(O26:P26))*100,0)) -> 14 | R26: =IF(Q26="","",IF(Q26>=Параметры!$C$10,Параметры!$A$10,IF(Q26>Параметры!$D$12,Параметры!$A$11,IF(Q26>=Параметры!$C$12,Параметры!$A$12,Параметры!$A$13)))) -> Мероприятия не требуются | S26: =IF(Q26="","",IF(Q26>=Параметры!$C$10,"Включить","—")) -> — | T26: — | U26: =IF(Q26="","",IF(Q26>=Параметры!$C$10,Параметры!$C$4+Параметры!$E$10,IF(Q26>Параметры!$D$12,Параметры!$C$4+Параметры!$E$11,IF(Q26>=Параметры!$C$12,Параметры!$C$4+Параметры!$E$12,"")))) | W26: =IF(OR(Q26="",Q26<Параметры!$C$12),"—",IF(V26="","Не запланировано",IF(V26>U26,"Позже срока","В срок"))) -> —
A27: =IF(Q27="","",RANK(Q27,$Q$5:$Q$28,0)) -> 23 | B27: 2236 | C27: Озёрное | D27: УЭЦН-5-80, НКТ-73 | E27: В работе | F27: Да | G27: Некоррозионная | H27: 0 | I27: 400 | J27: Нет | K27: — | L27: Нет | M27: — | N27: Некоррозионная | O27: 0.09 | P27: 0.11 | Q27: =IF(COUNT(O27:P27)=0,"",ROUND(IF(Параметры!$C$5="Среднее",AVERAGE(O27:P27),MAX(O27:P27))*100,0)) -> 11 | R27: =IF(Q27="","",IF(Q27>=Параметры!$C$10,Параметры!$A$10,IF(Q27>Параметры!$D$12,Параметры!$A$11,IF(Q27>=Параметры!$C$12,Параметры!$A$12,Параметры!$A$13)))) -> Мероприятия не требуются | S27: =IF(Q27="","",IF(Q27>=Параметры!$C$10,"Включить","—")) -> — | T27: — | U27: =IF(Q27="","",IF(Q27>=Параметры!$C$10,Параметры!$C$4+Параметры!$E$10,IF(Q27>Параметры!$D$12,Параметры!$C$4+Параметры!$E$11,IF(Q27>=Параметры!$C$12,Параметры!$C$4+Параметры!$E$12,"")))) | W27: =IF(OR(Q27="",Q27<Параметры!$C$12),"—",IF(V27="","Не запланировано",IF(V27>U27,"Позже срока","В срок"))) -> —
A28: =IF(Q28="","",RANK(Q28,$Q$5:$Q$28,0)) -> 24 | B28: 3330 | C28: Восточное | D28: УШГН-44, НКТ-60 | E28: В работе | F28: Да | G28: Некоррозионная | H28: 0 | I28: 420 | J28: Нет | K28: — | L28: Нет | M28: — | N28: Некоррозионная | O28: 0.07 | P28: 0.06 | Q28: =IF(COUNT(O28:P28)=0,"",ROUND(IF(Параметры!$C$5="Среднее",AVERAGE(O28:P28),MAX(O28:P28))*100,0)) -> 7 | R28: =IF(Q28="","",IF(Q28>=Параметры!$C$10,Параметры!$A$10,IF(Q28>Параметры!$D$12,Параметры!$A$11,IF(Q28>=Параметры!$C$12,Параметры!$A$12,Параметры!$A$13)))) -> Мероприятия не требуются | S28: =IF(Q28="","",IF(Q28>=Параметры!$C$10,"Включить","—")) -> — | T28: — | U28: =IF(Q28="","",IF(Q28>=Параметры!$C$10,Параметры!$C$4+Параметры!$E$10,IF(Q28>Параметры!$D$12,Параметры!$C$4+Параметры!$E$11,IF(Q28>=Параметры!$C$12,Параметры!$C$4+Параметры!$E$12,"")))) | W28: =IF(OR(Q28="",Q28<Параметры!$C$12),"—",IF(V28="","Не запланировано",IF(V28>U28,"Позже срока","В срок"))) -> —
A30: Строк в примере: 24. Новые скважины добавляйте ниже, копируя последнюю строку (формулы в голубых ячейках протянутся вместе с ней) и расширяя диапазон рейтинга в колонке «Место».

Sheet График ППР
A1: График ППР (ДДО) — мероприятия по рейтингу на 12 недель
A2: Код мероприятия стоит в неделе плановой даты; светлая заливка — окно от даты расчёта до крайнего срока. «!» — план позже срока. Неделя с датой расчёта выделена в заголовке.
H3: Нед. 1 | I3: Нед. 2 | J3: Нед. 3 | K3: Нед. 4 | L3: Нед. 5 | M3: Нед. 6 | N3: Нед. 7 | O3: Нед. 8 | P3: Нед. 9 | Q3: Нед. 10 | R3: Нед. 11 | S3: Нед. 12
A4: Место | B4: № скважины | C4: Месторождение | D4: Индекс | E4: Код | F4: Крайний срок | G4: План (ДДО) | H4: =Параметры!$C$6+0 -> 46307 | I4: =Параметры!$C$6+7 -> 46314 | J4: =Параметры!$C$6+14 -> 46321 | K4: =Параметры!$C$6+21 -> 46328 | L4: =Параметры!$C$6+28 -> 46335 | M4: =Параметры!$C$6+35 -> 46342 | N4: =Параметры!$C$6+42 -> 46349 | O4: =Параметры!$C$6+49 -> 46356 | P4: =Параметры!$C$6+56 -> 46363 | Q4: =Параметры!$C$6+63 -> 46370 | R4: =Параметры!$C$6+70 -> 46377 | S4: =Параметры!$C$6+77 -> 46384
A5: =Рейтинг!A5 -> 1 | B5: =Рейтинг!B5 -> 2215Б | C5: =Рейтинг!C5 -> Озёрное | D5: =Рейтинг!Q5 -> 93 | E5: =IF(Рейтинг!Q5="","",IF(Рейтинг!Q5>=Параметры!$C$10,Параметры!$B$10,IF(Рейтинг!Q5>Параметры!$D$12,Параметры!$B$11,IF(Рейтинг!Q5>=Параметры!$C$12,Параметры!$B$12,"")))) -> ПКР | F5: =Рейтинг!U5 -> 46323 | G5: =IF(Рейтинг!V5="","",Рейтинг!V5) -> 46316 | H5: =IF(AND(ISNUMBER($G5),$G5>=H$4,$G5<H$4+7),$E5&IF(AND(ISNUMBER($F5),$G5>$F5)," !",""),"") | I5: =IF(AND(ISNUMBER($G5),$G5>=I$4,$G5<I$4+7),$E5&IF(AND(ISNUMBER($F5),$G5>$F5)," !",""),"") -> ПКР | J5: =IF(AND(ISNUMBER($G5),$G5>=J$4,$G5<J$4+7),$E5&IF(AND(ISNUMBER($F5),$G5>$F5)," !",""),"") | K5: =IF(AND(ISNUMBER($G5),$G5>=K$4,$G5<K$4+7),$E5&IF(AND(ISNUMBER($F5),$G5>$F5)," !",""),"") | L5: =IF(AND(ISNUMBER($G5),$G5>=L$4,$G5<L$4+7),$E5&IF(AND(ISNUMBER($F5),$G5>$F5)," !",""),"") | M5: =IF(AND(ISNUMBER($G5),$G5>=M$4,$G5<M$4+7),$E5&IF(AND(ISNUMBER($F5),$G5>$F5)," !",""),"") | N5: =IF(AND(ISNUMBER($G5),$G5>=N$4,$G5<N$4+7),$E5&IF(AND(ISNUMBER($F5),$G5>$F5)," !",""),"") | O5: =IF(AND(ISNUMBER($G5),$G5>=O$4,$G5<O$4+7),$E5&IF(AND(ISNUMBER($F5),$G5>$F5)," !",""),"") | ... S5: =IF(AND(ISNUMBER($G5),$G5>=S$4,$G5<S$4+7),$E5&IF(AND(ISNUMBER($F5),$G5>$F5)," !",""),"")
A6: =Рейтинг!A6 -> 2 | B6: =Рейтинг!B6 -> 1131 | C6: =Рейтинг!C6 -> Северное | D6: =Рейтинг!Q6 -> 88 | E6: =IF(Рейтинг!Q6="","",IF(Рейтинг!Q6>=Параметры!$C$10,Параметры!$B$10,IF(Рейтинг!Q6>Параметры!$D$12,Параметры!$B$11,IF(Рейтинг!Q6>=Параметры!$C$12,Параметры!$B$12,"")))) -> ПКР | F6: =Рейтинг!U6 -> 46323 | G6: =IF(Рейтинг!V6="","",Рейтинг!V6) -> 46318 | H6: =IF(AND(ISNUMBER($G6),$G6>=H$4,$G6<H$4+7),$E6&IF(AND(ISNUMBER($F6),$G6>$F6)," !",""),"") | I6: =IF(AND(ISNUMBER($G6),$G6>=I$4,$G6<I$4+7),$E6&IF(AND(ISNUMBER($F6),$G6>$F6)," !",""),"") -> ПКР | J6: =IF(AND(ISNUMBER($G6),$G6>=J$4,$G6<J$4+7),$E6&IF(AND(ISNUMBER($F6),$G6>$F6)," !",""),"") | K6: =IF(AND(ISNUMBER($G6),$G6>=K$4,$G6<K$4+7),$E6&IF(AND(ISNUMBER($F6),$G6>$F6)," !",""),"") | L6: =IF(AND(ISNUMBER($G6),$G6>=L$4,$G6<L$4+7),$E6&IF(AND(ISNUMBER($F6),$G6>$F6)," !",""),"") | M6: =IF(AND(ISNUMBER($G6),$G6>=M$4,$G6<M$4+7),$E6&IF(AND(ISNUMBER($F6),$G6>$F6)," !",""),"") | N6: =IF(AND(ISNUMBER($G6),$G6>=N$4,$G6<N$4+7),$E6&IF(AND(ISNUMBER($F6),$G6>$F6)," !",""),"") | O6: =IF(AND(ISNUMBER($G6),$G6>=O$4,$G6<O$4+7),$E6&IF(AND(ISNUMBER($F6),$G6>$F6)," !",""),"") | ... S6: =IF(AND(ISNUMBER($G6),$G6>=S$4,$G6<S$4+7),$E6&IF(AND(ISNUMBER($F6),$G6>$F6)," !",""),"")
A7: =Рейтинг!A7 -> 3 | B7: =Рейтинг!B7 -> 3307 | C7: =Рейтинг!C7 -> Восточное | D7: =Рейтинг!Q7 -> 85 | E7: =IF(Рейтинг!Q7="","",IF(Рейтинг!Q7>=Параметры!$C$10,Параметры!$B$10,IF(Рейтинг!Q7>Параметры!$D$12,Параметры!$B$11,IF(Рейтинг!Q7>=Параметры!$C$12,Параметры!$B$12,"")))) -> ПКР | F7: =Рейтинг!U7 -> 46323 | G7: =IF(Рейтинг!V7="","",Рейтинг!V7) -> 46323 | H7: =IF(AND(ISNUMBER($G7),$G7>=H$4,$G7<H$4+7),$E7&IF(AND(ISNUMBER($F7),$G7>$F7)," !",""),"") | I7: =IF(AND(ISNUMBER($G7),$G7>=I$4,$G7<I$4+7),$E7&IF(AND(ISNUMBER($F7),$G7>$F7)," !",""),"") | J7: =IF(AND(ISNUMBER($G7),$G7>=J$4,$G7<J$4+7),$E7&IF(AND(ISNUMBER($F7),$G7>$F7)," !",""),"") -> ПКР | K7: =IF(AND(ISNUMBER($G7),$G7>=K$4,$G7<K$4+7),$E7&IF(AND(ISNUMBER($F7),$G7>$F7)," !",""),"") | L7: =IF(AND(ISNUMBER($G7),$G7>=L$4,$G7<L$4+7),$E7&IF(AND(ISNUMBER($F7),$G7>$F7)," !",""),"") | M7: =IF(AND(ISNUMBER($G7),$G7>=M$4,$G7<M$4+7),$E7&IF(AND(ISNUMBER($F7),$G7>$F7)," !",""),"") | N7: =IF(AND(ISNUMBER($G7),$G7>=N$4,$G7<N$4+7),$E7&IF(AND(ISNUMBER($F7),$G7>$F7)," !",""),"") | O7: =IF(AND(ISNUMBER($G7),$G7>=O$4,$G7<O$4+7),$E7&IF(AND(ISNUMBER($F7),$G7>$F7)," !",""),"") | ... S7: =IF(AND(ISNUMBER($G7),$G7>=S$4,$G7<S$4+7),$E7&IF(AND(ISNUMBER($F7),$G7>$F7)," !",""),"")
A8: =Рейтинг!A8 -> 4 | B8: =Рейтинг!B8 -> 1046 | C8: =Рейтинг!C8 -> Северное | D8: =Рейтинг!Q8 -> 81 | E8: =IF(Рейтинг!Q8="","",IF(Рейтинг!Q8>=Параметры!$C$10,Параметры!$B$10,IF(Рейтинг!Q8>Параметры!$D$12,Параметры!$B$11,IF(Рейтинг!Q8>=Параметры!$C$12,Параметры!$B$12,"")))) -> ПКР | F8: =Рейтинг!U8 -> 46323 | G8: =IF(Рейтинг!V8="","",Рейтинг!V8) -> 46331 | H8: =IF(AND(ISNUMBER($G8),$G8>=H$4,$G8<H$4+7),$E8&IF(AND(ISNUMBER($F8),$G8>$F8)," !",""),"") | I8: =IF(AND(ISNUMBER($G8),$G8>=I$4,$G8<I$4+7),$E8&IF(AND(ISNUMBER($F8),$G8>$F8)," !",""),"") | J8: =IF(AND(ISNUMBER($G8),$G8>=J$4,$G8<J$4+7),$E8&IF(AND(ISNUMBER($F8),$G8>$F8)," !",""),"") | K8: =IF(AND(ISNUMBER($G8),$G8>=K$4,$G8<K$4+7),$E8&IF(AND(ISNUMBER($F8),$G8>$F8)," !",""),"") -> ПКР ! | L8: =IF(AND(ISNUMBER($G8),$G8>=L$4,$G8<L$4+7),$E8&IF(AND(ISNUMBER($F8),$G8>$F8)," !",""),"") | M8: =IF(AND(ISNUMBER($G8),$G8>=M$4,$G8<M$4+7),$E8&IF(AND(ISNUMBER($F8),$G8>$F8)," !",""),"") | N8: =IF(AND(ISNUMBER($G8),$G8>=N$4,$G8<N$4+7),$E8&IF(AND(ISNUMBER($F8),$G8>$F8)," !",""),"") | O8: =IF(AND(ISNUMBER($G8),$G8>=O$4,$G8<O$4+7),$E8&IF(AND(ISNUMBER($F8),$G8>$F8)," !",""),"") | ... S8: =IF(AND(ISNUMBER($G8),$G8>=S$4,$G8<S$4+7),$E8&IF(AND(ISNUMBER($F8),$G8>$F8)," !",""),"")
A9: =Рейтинг!A9 -> 5 | B9: =Рейтинг!B9 -> 2241 | C9: =Рейтинг!C9 -> Озёрное | D9: =Рейтинг!Q9 -> 76 | E9: =IF(Рейтинг!Q9="","",IF(Рейтинг!Q9>=Параметры!$C$10,Параметры!$B$10,IF(Рейтинг!Q9>Параметры!$D$12,Параметры!$B$11,IF(Рейтинг!Q9>=Параметры!$C$12,Параметры!$B$12,"")))) -> РИ | F9: =Рейтинг!U9 -> 46339 | G9: =IF(Рейтинг!V9="","",Рейтинг!V9) -> 46335 | H9: =IF(AND(ISNUMBER($G9),$G9>=H$4,$G9<H$4+7),$E9&IF(AND(ISNUMBER($F9),$G9>$F9)," !",""),"") | I9: =IF(AND(ISNUMBER($G9),$G9>=I$4,$G9<I$4+7),$E9&IF(AND(ISNUMBER($F9),$G9>$F9)," !",""),"") | J9: =IF(AND(ISNUMBER($G9),$G9>=J$4,$G9<J$4+7),$E9&IF(AND(ISNUMBER($F9),$G9>$F9)," !",""),"") | K9: =IF(AND(ISNUMBER($G9),$G9>=K$4,$G9<K$4+7),$E9&IF(AND(ISNUMBER($F9),$G9>$F9)," !",""),"") | L9: =IF(AND(ISNUMBER($G9),$G9>=L$4,$G9<L$4+7),$E9&IF(AND(ISNUMBER($F9),$G9>$F9)," !",""),"") -> РИ | M9: =IF(AND(ISNUMBER($G9),$G9>=M$4,$G9<M$4+7),$E9&IF(AND(ISNUMBER($F9),$G9>$F9)," !",""),"") | N9: =IF(AND(ISNUMBER($G9),$G9>=N$4,$G9<N$4+7),$E9&IF(AND(ISNUMBER($F9),$G9>$F9)," !",""),"") | O9: =IF(AND(ISNUMBER($G9),$G9>=O$4,$G9<O$4+7),$E9&IF(AND(ISNUMBER($F9),$G9>$F9)," !",""),"") | ... S9: =IF(AND(ISNUMBER($G9),$G9>=S$4,$G9<S$4+7),$E9&IF(AND(ISNUMBER($F9),$G9>$F9)," !",""),"")
A10: =Рейтинг!A10 -> 6 | B10: =Рейтинг!B10 -> 3312 | C10: =Рейтинг!C10 -> Восточное | D10: =Рейтинг!Q10 -> 69 | E10: =IF(Рейтинг!Q10="","",IF(Рейтинг!Q10>=Параметры!$C$10,Параметры!$B$10,IF(Рейтинг!Q10>Параметры!$D$12,Параметры!$B$11,IF(Рейтинг!Q10>=Параметры!$C$12,Параметры!$B$12,"")))) -> РИ | F10: =Рейтинг!U10 -> 46339 | G10: =IF(Рейтинг!V10="","",Рейтинг!V10) -> 46342 | H10: =IF(AND(ISNUMBER($G10),$G10>=H$4,$G10<H$4+7),$E10&IF(AND(ISNUMBER($F10),$G10>$F10)," !",""),"") | I10: =IF(AND(ISNUMBER($G10),$G10>=I$4,$G10<I$4+7),$E10&IF(AND(ISNUMBER($F10),$G10>$F10)," !",""),"") | J10: =IF(AND(ISNUMBER($G10),$G10>=J$4,$G10<J$4+7),$E10&IF(AND(ISNUMBER($F10),$G10>$F10)," !",""),"") | K10: =IF(AND(ISNUMBER($G10),$G10>=K$4,$G10<K$4+7),$E10&IF(AND(ISNUMBER($F10),$G10>$F10)," !",""),"") | L10: =IF(AND(ISNUMBER($G10),$G10>=L$4,$G10<L$4+7),$E10&IF(AND(ISNUMBER($F10),$G10>$F10)," !",""),"") | M10: =IF(AND(ISNUMBER($G10),$G10>=M$4,$G10<M$4+7),$E10&IF(AND(ISNUMBER($F10),$G10>$F10)," !",""),"") -> РИ ! | N10: =IF(AND(ISNUMBER($G10),$G10>=N$4,$G10<N$4+7),$E10&IF(AND(ISNUMBER($F10),$G10>$F10)," !",""),"") | O10: =IF(AND(ISNUMBER($G10),$G10>=O$4,$G10<O$4+7),$E10&IF(AND(ISNUMBER($F10),$G10>$F10)," !",""),"") | ... S10: =IF(AND(ISNUMBER($G10),$G10>=S$4,$G10<S$4+7),$E10&IF(AND(ISNUMBER($F10),$G10>$F10)," !",""),"")
A11: =Рейтинг!A11 -> 7 | B11: =Рейтинг!B11 -> 1102 | C11: =Рейтинг!C11 -> Северное | D11: =Рейтинг!Q11 -> 64 | E11: =IF(Рейтинг!Q11="","",IF(Рейтинг!Q11>=Параметры!$C$10,Параметры!$B$10,IF(Рейтинг!Q11>Параметры!$D$12,Параметры!$B$11,IF(Рейтинг!Q11>=Параметры!$C$12,Параметры!$B$12,"")))) -> РИ | F11: =Рейтинг!U11 -> 46339 | G11: =IF(Рейтинг!V11="","",Рейтинг!V11) -> 46338 | H11: =IF(AND(ISNUMBER($G11),$G11>=H$4,$G11<H$4+7),$E11&IF(AND(ISNUMBER($F11),$G11>$F11)," !",""),"") | I11: =IF(AND(ISNUMBER($G11),$G11>=I$4,$G11<I$4+7),$E11&IF(AND(ISNUMBER($F11),$G11>$F11)," !",""),"") | J11: =IF(AND(ISNUMBER($G11),$G11>=J$4,$G11<J$4+7),$E11&IF(AND(ISNUMBER($F11),$G11>$F11)," !",""),"") | K11: =IF(AND(ISNUMBER($G11),$G11>=K$4,$G11<K$4+7),$E11&IF(AND(ISNUMBER($F11),$G11>$F11)," !",""),"") | L11: =IF(AND(ISNUMBER($G11),$G11>=L$4,$G11<L$4+7),$E11&IF(AND(ISNUMBER($F11),$G11>$F11)," !",""),"") -> РИ | M11: =IF(AND(ISNUMBER($G11),$G11>=M$4,$G11<M$4+7),$E11&IF(AND(ISNUMBER($F11),$G11>$F11)," !",""),"") | N11: =IF(AND(ISNUMBER($G11),$G11>=N$4,$G11<N$4+7),$E11&IF(AND(ISNUMBER($F11),$G11>$F11)," !",""),"") | O11: =IF(AND(ISNUMBER($G11),$G11>=O$4,$G11<O$4+7),$E11&IF(AND(ISNUMBER($F11),$G11>$F11)," !",""),"") | ... S11: =IF(AND(ISNUMBER($G11),$G11>=S$4,$G11<S$4+7),$E11&IF(AND(ISNUMBER($F11),$G11>$F11)," !",""),"")
A12: =Рейтинг!A12 -> 8 | B12: =Рейтинг!B12 -> 2208 | C12: =Рейтинг!C12 -> Озёрное | D12: =Рейтинг!Q12 -> 58 | E12: =IF(Рейтинг!Q12="","",IF(Рейтинг!Q12>=Параметры!$C$10,Параметры!$B$10,IF(Рейтинг!Q12>Параметры!$D$12,Параметры!$B$11,IF(Рейтинг!Q12>=Параметры!$C$12,Параметры!$B$12,"")))) -> УД | F12: =Рейтинг!U12 -> 46354 | G12: =IF(Рейтинг!V12="","",Рейтинг!V12) -> 46328 | H12: =IF(AND(ISNUMBER($G12),$G12>=H$4,$G12<H$4+7),$E12&IF(AND(ISNUMBER($F12),$G12>$F12)," !",""),"") | I12: =IF(AND(ISNUMBER($G12),$G12>=I$4,$G12<I$4+7),$E12&IF(AND(ISNUMBER($F12),$G12>$F12)," !",""),"") | J12: =IF(AND(ISNUMBER($G12),$G12>=J$4,$G12<J$4+7),$E12&IF(AND(ISNUMBER($F12),$G12>$F12)," !",""),"") | K12: =IF(AND(ISNUMBER($G12),$G12>=K$4,$G12<K$4+7),$E12&IF(AND(ISNUMBER($F12),$G12>$F12)," !",""),"") -> УД | L12: =IF(AND(ISNUMBER($G12),$G12>=L$4,$G12<L$4+7),$E12&IF(AND(ISNUMBER($F12),$G12>$F12)," !",""),"") | M12: =IF(AND(ISNUMBER($G12),$G12>=M$4,$G12<M$4+7),$E12&IF(AND(ISNUMBER($F12),$G12>$F12)," !",""),"") | N12: =IF(AND(ISNUMBER($G12),$G12>=N$4,$G12<N$4+7),$E12&IF(AND(ISNUMBER($F12),$G12>$F12)," !",""),"") | O12: =IF(AND(ISNUMBER($G12),$G12>=O$4,$G12<O$4+7),$E12&IF(AND(ISNUMBER($F12),$G12>$F12)," !",""),"") | ... S12: =IF(AND(ISNUMBER($G12),$G12>=S$4,$G12<S$4+7),$E12&IF(AND(ISNUMBER($F12),$G12>$F12)," !",""),"")
A13: =Рейтинг!A13 -> 9 | B13: =Рейтинг!B13 -> 3320 | C13: =Рейтинг!C13 -> Восточное | D13: =Рейтинг!Q13 -> 55 | E13: =IF(Рейтинг!Q13="","",IF(Рейтинг!Q13>=Параметры!$C$10,Параметры!$B$10,IF(Рейтинг!Q13>Параметры!$D$12,Параметры!$B$11,IF(Рейтинг!Q13>=Параметры!$C$12,Параметры!$B$12,"")))) -> УД | F13: =Рейтинг!U13 -> 46354 | G13: =IF(Рейтинг!V13="","",Рейтинг!V13) -> 46337 | H13: =IF(AND(ISNUMBER($G13),$G13>=H$4,$G13<H$4+7),$E13&IF(AND(ISNUMBER($F13),$G13>$F13)," !",""),"") | I13: =IF(AND(ISNUMBER($G13),$G13>=I$4,$G13<I$4+7),$E13&IF(AND(ISNUMBER($F13),$G13>$F13)," !",""),"") | J13: =IF(AND(ISNUMBER($G13),$G13>=J$4,$G13<J$4+7),$E13&IF(AND(ISNUMBER($F13),$G13>$F13)," !",""),"") | K13: =IF(AND(ISNUMBER($G13),$G13>=K$4,$G13<K$4+7),$E13&IF(AND(ISNUMBER($F13),$G13>$F13)," !",""),"") | L13: =IF(AND(ISNUMBER($G13),$G13>=L$4,$G13<L$4+7),$E13&IF(AND(ISNUMBER($F13),$G13>$F13)," !",""),"") -> УД | M13: =IF(AND(ISNUMBER($G13),$G13>=M$4,$G13<M$4+7),$E13&IF(AND(ISNUMBER($F13),$G13>$F13)," !",""),"") | N13: =IF(AND(ISNUMBER($G13),$G13>=N$4,$G13<N$4+7),$E13&IF(AND(ISNUMBER($F13),$G13>$F13)," !",""),"") | O13: =IF(AND(ISNUMBER($G13),$G13>=O$4,$G13<O$4+7),$E13&IF(AND(ISNUMBER($F13),$G13>$F13)," !",""),"") | ... S13: =IF(AND(ISNUMBER($G13),$G13>=S$4,$G13<S$4+7),$E13&IF(AND(ISNUMBER($F13),$G13>$F13)," !",""),"")
A14: =Рейтинг!A14 -> 10 | B14: =Рейтинг!B14 -> 1158 | C14: =Рейтинг!C14 -> Северное | D14: =Рейтинг!Q14 -> 51 | E14: =IF(Рейтинг!Q14="","",IF(Рейтинг!Q14>=Параметры!$C$10,Параметры!$B$10,IF(Рейтинг!Q14>Параметры!$D$12,Параметры!$B$11,IF(Рейтинг!Q14>=Параметры!$C$12,Параметры!$B$12,"")))) -> УД | F14: =Рейтинг!U14 -> 46354 | G14: =IF(Рейтинг!V14="","",Рейтинг!V14) -> 46344 | H14: =IF(AND(ISNUMBER($G14),$G14>=H$4,$G14<H$4+7),$E14&IF(AND(ISNUMBER($F14),$G14>$F14)," !",""),"") | I14: =IF(AND(ISNUMBER($G14),$G14>=I$4,$G14<I$4+7),$E14&IF(AND(ISNUMBER($F14),$G14>$F14)," !",""),"") | J14: =IF(AND(ISNUMBER($G14),$G14>=J$4,$G14<J$4+7),$E14&IF(AND(ISNUMBER($F14),$G14>$F14)," !",""),"") | K14: =IF(AND(ISNUMBER($G14),$G14>=K$4,$G14<K$4+7),$E14&IF(AND(ISNUMBER($F14),$G14>$F14)," !",""),"") | L14: =IF(AND(ISNUMBER($G14),$G14>=L$4,$G14<L$4+7),$E14&IF(AND(ISNUMBER($F14),$G14>$F14)," !",""),"") | M14: =IF(AND(ISNUMBER($G14),$G14>=M$4,$G14<M$4+7),$E14&IF(AND(ISNUMBER($F14),$G14>$F14)," !",""),"") -> УД | N14: =IF(AND(ISNUMBER($G14),$G14>=N$4,$G14<N$4+7),$E14&IF(AND(ISNUMBER($F14),$G14>$F14)," !",""),"") | O14: =IF(AND(ISNUMBER($G14),$G14>=O$4,$G14<O$4+7),$E14&IF(AND(ISNUMBER($F14),$G14>$F14)," !",""),"") | ... S14: =IF(AND(ISNUMBER($G14),$G14>=S$4,$G14<S$4+7),$E14&IF(AND(ISNUMBER($F14),$G14>$F14)," !",""),"")
A15: =Рейтинг!A15 -> 11 | B15: =Рейтинг!B15 -> 2219 | C15: =Рейтинг!C15 -> Озёрное | D15: =Рейтинг!Q15 -> 47 | E15: =IF(Рейтинг!Q15="","",IF(Рейтинг!Q15>=Параметры!$C$10,Параметры!$B$10,IF(Рейтинг!Q15>Параметры!$D$12,Параметры!$B$11,IF(Рейтинг!Q15>=Параметры!$C$12,Параметры!$B$12,"")))) -> УД | F15: =Рейтинг!U15 -> 46354 | G15: =IF(Рейтинг!V15="","",Рейтинг!V15) -> 46351 | H15: =IF(AND(ISNUMBER($G15),$G15>=H$4,$G15<H$4+7),$E15&IF(AND(ISNUMBER($F15),$G15>$F15)," !",""),"") | I15: =IF(AND(ISNUMBER($G15),$G15>=I$4,$G15<I$4+7),$E15&IF(AND(ISNUMBER($F15),$G15>$F15)," !",""),"") | J15: =IF(AND(ISNUMBER($G15),$G15>=J$4,$G15<J$4+7),$E15&IF(AND(ISNUMBER($F15),$G15>$F15)," !",""),"") | K15: =IF(AND(ISNUMBER($G15),$G15>=K$4,$G15<K$4+7),$E15&IF(AND(ISNUMBER($F15),$G15>$F15)," !",""),"") | L15: =IF(AND(ISNUMBER($G15),$G15>=L$4,$G15<L$4+7),$E15&IF(AND(ISNUMBER($F15),$G15>$F15)," !",""),"") | M15: =IF(AND(ISNUMBER($G15),$G15>=M$4,$G15<M$4+7),$E15&IF(AND(ISNUMBER($F15),$G15>$F15)," !",""),"") | N15: =IF(AND(ISNUMBER($G15),$G15>=N$4,$G15<N$4+7),$E15&IF(AND(ISNUMBER($F15),$G15>$F15)," !",""),"") -> УД | O15: =IF(AND(ISNUMBER($G15),$G15>=O$4,$G15<O$4+7),$E15&IF(AND(ISNUMBER($F15),$G15>$F15)," !",""),"") | ... S15: =IF(AND(ISNUMBER($G15),$G15>=S$4,$G15<S$4+7),$E15&IF(AND(ISNUMBER($F15),$G15>$F15)," !",""),"")
A16: =Рейтинг!A16 -> 12 | B16: =Рейтинг!B16 -> 3301 | C16: =Рейтинг!C16 -> Восточное | D16: =Рейтинг!Q16 -> 44 | E16: =IF(Рейтинг!Q16="","",IF(Рейтинг!Q16>=Параметры!$C$10,Параметры!$B$10,IF(Рейтинг!Q16>Параметры!$D$12,Параметры!$B$11,IF(Рейтинг!Q16>=Параметры!$C$12,Параметры!$B$12,"")))) -> УД | F16: =Рейтинг!U16 -> 46354 | G16: =IF(Рейтинг!V16="","",Рейтинг!V16) | H16: =IF(AND(ISNUMBER($G16),$G16>=H$4,$G16<H$4+7),$E16&IF(AND(ISNUMBER($F16),$G16>$F16)," !",""),"") | I16: =IF(AND(ISNUMBER($G16),$G16>=I$4,$G16<I$4+7),$E16&IF(AND(ISNUMBER($F16),$G16>$F16)," !",""),"") | J16: =IF(AND(ISNUMBER($G16),$G16>=J$4,$G16<J$4+7),$E16&IF(AND(ISNUMBER($F16),$G16>$F16)," !",""),"") | K16: =IF(AND(ISNUMBER($G16),$G16>=K$4,$G16<K$4+7),$E16&IF(AND(ISNUMBER($F16),$G16>$F16)," !",""),"") | L16: =IF(AND(ISNUMBER($G16),$G16>=L$4,$G16<L$4+7),$E16&IF(AND(ISNUMBER($F16),$G16>$F16)," !",""),"") | M16: =IF(AND(ISNUMBER($G16),$G16>=M$4,$G16<M$4+7),$E16&IF(AND(ISNUMBER($F16),$G16>$F16)," !",""),"") | N16: =IF(AND(ISNUMBER($G16),$G16>=N$4,$G16<N$4+7),$E16&IF(AND(ISNUMBER($F16),$G16>$F16)," !",""),"") | O16: =IF(AND(ISNUMBER($G16),$G16>=O$4,$G16<O$4+7),$E16&IF(AND(ISNUMBER($F16),$G16>$F16)," !",""),"") | ... S16: =IF(AND(ISNUMBER($G16),$G16>=S$4,$G16<S$4+7),$E16&IF(AND(ISNUMBER($F16),$G16>$F16)," !",""),"")
... A28: =Рейтинг!A28 -> 24 | B28: =Рейтинг!B28 -> 3330 | C28: =Рейтинг!C28 -> Восточное | D28: =Рейтинг!Q28 -> 7 | E28: =IF(Рейтинг!Q28="","",IF(Рейтинг!Q28>=Параметры!$C$10,Параметры!$B$10,IF(Рейтинг!Q28>Параметры!$D$12,Параметры!$B$11,IF(Рейтинг!Q28>=Параметры!$C$12,Параметры!$B$12,"")))) | F28: =Рейтинг!U28 | G28: =IF(Рейтинг!V28="","",Рейтинг!V28) | H28: =IF(AND(ISNUMBER($G28),$G28>=H$4,$G28<H$4+7),$E28&IF(AND(ISNUMBER($F28),$G28>$F28)," !",""),"") | I28: =IF(AND(ISNUMBER($G28),$G28>=I$4,$G28<I$4+7),$E28&IF(AND(ISNUMBER($F28),$G28>$F28)," !",""),"") | J28: =IF(AND(ISNUMBER($G28),$G28>=J$4,$G28<J$4+7),$E28&IF(AND(ISNUMBER($F28),$G28>$F28)," !",""),"") | K28: =IF(AND(ISNUMBER($G28),$G28>=K$4,$G28<K$4+7),$E28&IF(AND(ISNUMBER($F28),$G28>$F28)," !",""),"") | L28: =IF(AND(ISNUMBER($G28),$G28>=L$4,$G28<L$4+7),$E28&IF(AND(ISNUMBER($F28),$G28>$F28)," !",""),"") | M28: =IF(AND(ISNUMBER($G28),$G28>=M$4,$G28<M$4+7),$E28&IF(AND(ISNUMBER($F28),$G28>$F28)," !",""),"") | N28: =IF(AND(ISNUMBER($G28),$G28>=N$4,$G28<N$4+7),$E28&IF(AND(ISNUMBER($F28),$G28>$F28)," !",""),"") | O28: =IF(AND(ISNUMBER($G28),$G28>=O$4,$G28<O$4+7),$E28&IF(AND(ISNUMBER($F28),$G28>$F28)," !",""),"") | ... S28: =IF(AND(ISNUMBER($G28),$G28>=S$4,$G28<S$4+7),$E28&IF(AND(ISNUMBER($F28),$G28>$F28)," !",""),"")
A30: Коды:
B31: ПКР | C31: плановый комплекс мероприятий по ремонту + включение в ЭРА ремонта (документ — Промайн)
B32: РИ | C32: решение инженера (диапазон 61–79, мероприятие уточнить)
B33: УД | C33: ударная дозировка
B34: ! | C34: плановая дата позже крайнего срока

Sheet Сводка
A1: Сводка по рейтингу
A2: Все значения считаются формулами по листу «Рейтинг».
A4: Мероприятие | B4: Скважин
A5: =Параметры!$A$10 -> Плановый комплекс мероприятий по ремонту | B5: =COUNTIF(Рейтинг!$R$5:$R$28,Параметры!$A$10) -> 4
A6: =Параметры!$A$11 -> Решение инженера | B6: =COUNTIF(Рейтинг!$R$5:$R$28,Параметры!$A$11) -> 3
A7: =Параметры!$A$12 -> Ударная дозировка (УД) | B7: =COUNTIF(Рейтинг!$R$5:$R$28,Параметры!$A$12) -> 6
A8: =Параметры!$A$13 -> Мероприятия не требуются | B8: =COUNTIF(Рейтинг!$R$5:$R$28,Параметры!$A$13) -> 11
A9: Всего в рейтинге | B9: =COUNT(Рейтинг!$Q$5:$Q$28) -> 24
A11: Контроль исполнения | B11: Скважин
A12: Требуют включения в ЭРА ремонта | B12: =COUNTIF(Рейтинг!$S$5:$S$28,"Включить") -> 4
A13: …из них документ Промайн ещё не направлен | B13: =COUNTIFS(Рейтинг!$S$5:$S$28,"Включить",Рейтинг!$T$5:$T$28,"<>Направлен в ЭРА") -> 3
A14: План ППР позже крайнего срока | B14: =COUNTIF(Рейтинг!$W$5:$W$28,"Позже срока") -> 2
A15: Мероприятие назначено, но не запланировано | B15: =COUNTIF(Рейтинг!$W$5:$W$28,"Не запланировано") -> 1
A17: Месторождение | B17: =Параметры!$B$10 -> ПКР | C17: =Параметры!$B$11 -> РИ | D17: =Параметры!$B$12 -> УД | E17: Всего
A18: Восточное | B18: =COUNTIFS(Рейтинг!$C$5:$C$28,$A18,Рейтинг!$R$5:$R$28,Параметры!$A$10) -> 1 | C18: =COUNTIFS(Рейтинг!$C$5:$C$28,$A18,Рейтинг!$R$5:$R$28,Параметры!$A$11) -> 1 | D18: =COUNTIFS(Рейтинг!$C$5:$C$28,$A18,Рейтинг!$R$5:$R$28,Параметры!$A$12) -> 2 | E18: =COUNTIF(Рейтинг!$C$5:$C$28,$A18) -> 8
A19: Озёрное | B19: =COUNTIFS(Рейтинг!$C$5:$C$28,$A19,Рейтинг!$R$5:$R$28,Параметры!$A$10) -> 1 | C19: =COUNTIFS(Рейтинг!$C$5:$C$28,$A19,Рейтинг!$R$5:$R$28,Параметры!$A$11) -> 1 | D19: =COUNTIFS(Рейтинг!$C$5:$C$28,$A19,Рейтинг!$R$5:$R$28,Параметры!$A$12) -> 2 | E19: =COUNTIF(Рейтинг!$C$5:$C$28,$A19) -> 8
A20: Северное | B20: =COUNTIFS(Рейтинг!$C$5:$C$28,$A20,Рейтинг!$R$5:$R$28,Параметры!$A$10) -> 2 | C20: =COUNTIFS(Рейтинг!$C$5:$C$28,$A20,Рейтинг!$R$5:$R$28,Параметры!$A$11) -> 1 | D20: =COUNTIFS(Рейтинг!$C$5:$C$28,$A20,Рейтинг!$R$5:$R$28,Параметры!$A$12) -> 2 | E20: =COUNTIF(Рейтинг!$C$5:$C$28,$A20) -> 8
A22: Сверка модели с фактом разбора на базе
A23: Результат разбора | B23: Индекс ≥ 61 | C23: Индекс ≤ 60
A24: Коррозия есть | B24: =COUNTIFS(Рейтинг!$M$5:$M$28,$A24,Рейтинг!$Q$5:$Q$28,">"&Параметры!$D$12) -> 3 | C24: =COUNTIFS(Рейтинг!$M$5:$M$28,$A24,Рейтинг!$Q$5:$Q$28,"<="&Параметры!$D$12) -> 0
A25: Коррозии нет | B25: =COUNTIFS(Рейтинг!$M$5:$M$28,$A25,Рейтинг!$Q$5:$Q$28,">"&Параметры!$D$12) -> 0 | C25: =COUNTIFS(Рейтинг!$M$5:$M$28,$A25,Рейтинг!$Q$5:$Q$28,"<="&Параметры!$D$12) -> 3
A26: Коррозия есть при низком индексе или её нет при высоком — кандидаты на разбор расхождения модели.
A28: Категория скважины | B28: Скважин
A29: Коррозионная | B29: =COUNTIF(Рейтинг!$N$5:$N$28,$A29) -> 4
A30: Среднекоррозионная | B30: =COUNTIF(Рейтинг!$N$5:$N$28,$A30) -> 7
A31: Некоррозионная | B31: =COUNTIF(Рейтинг!$N$5:$N$28,$A31) -> 13

Sheet Справочник полей
A1: Справочник полей рейтинга
A2: Что хранится в каждом поле, как оно заполняется и где показывается на дашборде. «Источник» — предложение, сверить с фактическими системами.
A4: Поле | B4: Колонка | C4: Тип и значения | D4: Заполнение | E4: Источник (предложение) | F4: На дашборде
A5: Место | B5: A | C5: Целое; 1 — самый высокий индекс | D5: Формула | E5: — | F5: Таблица
A6: № скважины | B6: B | C6: Текст, уникален в месторождении | D6: Ввод | E6: Паспорт скважины | F6: Таблица
A7: Месторождение | B7: C | C7: Текст | D7: Ввод | E7: Паспорт скважины | F7: Таблица
A8: Спущенное оборудование | B8: D | C8: Текст: тип насоса, НКТ | D8: Ввод | E8: Паспорт / ЭРА | F8: Карточка
A9: Статус | B9: E | C9: В работе / Не в работе | D9: Ввод | E9: Телеметрия (DARS) | F9: Таблица (значок)
A10: Отбор проб | B10: F | C10: Да / Нет | D10: Ввод | E10: ХИМИК | F10: Карточка
A11: Среда | B11: G | C11: Коррозионная / Некоррозионная | D11: Ввод | E11: ХИМИК | F11: Таблица (признаки)
A12: Тоннаж, т | B12: H | C12: Число ≥ 0, т (уточнить) | D12: Ввод | E12: Служба защиты | F12: Карточка
A13: НОО, сут | B13: I | C13: Число ≥ 0, сут (уточнить расшифровку) | D13: Ввод | E13: Уточнить | F13: Карточка
A14: Акт демонтажа | B14: J | C14: Есть / Нет | D14: Ввод | E14: ЭРА | F14: Карточка
A15: Признак коррозии | B15: K | C15: Есть / Нет / — (нет акта) | D15: Ввод | E15: ЭРА (акт демонтажа) | F15: Таблица (признаки)
... A28: Комментарий | B28: X | C28: Текст | D28: Ввод | E28: Инженер | F28: Карточка

Sheet Параметры
A1: Параметры рейтинга и графика ППР
A2: Синие значения на жёлтом фоне можно менять: рейтинг, мероприятия, сроки и график пересчитываются автоматически.
A4: Дата расчёта рейтинга | C4: 46309 | D4: От неё считаются крайние сроки мероприятий.
A5: Объединение моделей НТЦ и мат. | C5: Максимум | D5: Максимум — консервативно (берётся более тревожная оценка); Среднее — компромисс.
A6: Начало графика ППР (понедельник) | C6: 46307 | D6: Первая неделя листа «График ППР»; 12 недель вперёд.
A8: Правила мероприятий по индексу приоритета (0–100)
A9: Мероприятие | B9: Код | C9: Индекс от | D9: Индекс до | E9: Срок, дней | F9: Основание
A10: Плановый комплекс мероприятий по ремонту | B10: ПКР | C10: 80 | D10: =100 -> 100 | E10: 14 | F10: Порог 80+ — из требования: плановый комплекс мероприятий по ремонту, скважина включается в ЭРА ремонта, Промайн формирует документ. Срок в днях — предложение, уточнить.
A11: Решение инженера | B11: РИ | C11: =D12+1 -> 61 | D11: =C10-1 -> 79 | E11: 30 | F11: Мероприятие для диапазона 61–79 в требовании не задано — уточнить. Срок — предложение.
A12: Ударная дозировка (УД) | B12: УД | C12: 40 | D12: 60 | E12: 45 | F12: Диапазон 40–60 — из требования. Расшифровка «УД» как ударной дозировки — допущение. Срок — предложение.
A13: Мероприятия не требуются | B13: — | C13: 0 | D13: =C12-1 -> 39 | F13: Ниже порога УД мероприятия не требуются.
A15: Если индекс выше верхней границы УД, но ниже порога планового комплекса по ремонту, назначается «Решение инженера». Нижние границы считаются формулами от соседних порогов. Пороги и сроки в системе задаются переменными MAI_RATING_* — держите их одинаковыми.
